{"cameraMode":{"drawMode":0,"name":"Shaded","section":"Shading Mode"},"sceneLighting":true,"audioPlay":false,"sceneViewState":{"m_AlwaysRefresh":false,"showFog":true,"showSkybox":true,"showFlares":true,"showImageEffects":true,"showParticleSystems":true,"showVisualEffectGraphs":true,"m_FxEnabled":true},"in2DMode":false,"pivot":{"x":36.12295150756836,"y":3.764174461364746,"z":-3.040179491043091},"rotation":{"x":-0.1701163947582245,"y":-0.025716939941048623,"z":0.004433993250131607,"w":-0.9851126670837402},"size":5.9009857177734379,"orthographic":false}